{
  "id": "hourglass",
  "title": "Hourglass",
  "description": "Configurable animated graphical timers & round trackers that can be shown by the GM to all players.",
  "authors": [{
    "name": "Octarine"
  }],
  "version": "This is auto replaced",
  "compatibility": {
    "minimum": "10",
    "verified": "13"
  },
  "esmodules": ["scripts/main.js"],
  "socket": true,
  "styles": ["styles/hourglass.css", "styles/hourglass-gui.css", "styles/flipdown.css"],
  "url": "https://github.com/N7Huntsman/FoundryHourglass",
  "readme": "https://raw.githubusercontent.com/N7Huntsman/FoundryHourglass/main/README.md",
  "bugs": "https://github.com/N7Huntsman/FoundryHourglass/issues",
  "manifest": "https://raw.githubusercontent.com/N7Huntsman/FoundryHourglass/main/module.json",
  "download": "https://raw.githubusercontent.com/N7Huntsman/FoundryHourglass/main/module.zip"
}